total,recon,track,l2,conc,epoch,temperature
0.0005770406309903353,0.0005330930105368079,1.2419761033249265e-05,1.1208423453034176e-07,0.0,1.0,1.2
0.0005138377224418466,0.000416779206873187,1.2217915367804841e-05,2.313202365673458e-07,0.0,2.0,1.199122807017544
0.0004694561119860327,0.0003375455703549303,1.2027316406843165e-05,4.1963521249956353e-07,0.0,3.0,1.1982456140350877
0.00044077062022940944,0.0002893524937132603,1.1843747572804511e-05,6.738377850605183e-07,0.0,4.0,1.1973684210526316
0.0004288252119870753,0.0002746018084253562,1.1660932705352526e-05,9.877770933157535e-07,0.0,5.0,1.1964912280701754
0.0004229655248634193,0.0002714920447425193,1.1488725605024407e-05,1.3585375898984475e-06,0.0,6.0,1.1956140350877194
0.000417646759724192,0.0002693911888160185,1.1317975191949849e-05,1.7861125748203423e-06,0.0,7.0,1.194736842105263
0.0004134279829233903,0.00026927787771791083,1.1151470538254455e-05,2.273399515190909e-06,0.0,8.0,1.193859649122807
0.00040955405244248814,0.00026970536280913367,1.0987942104622611e-05,2.8200176843398524e-06,0.0,9.0,1.1929824561403508
0.00040582107567049364,0.00027033348129225035,1.082603713335025e-05,3.3982564873033525e-06,0.0,10.0,1.1921052631578948
0.000402486782506349,0.0002713954979812305,1.0671400038225068e-05,4.036306097975052e-06,0.0,11.0,1.1912280701754385
0.00039920321567903804,0.0002724588687819843,1.051876217672103e-05,4.728914560833822e-06,0.0,12.0,1.1903508771929825
0.00039574155322983615,0.00027311825640125367,1.0367078671291232e-05,5.454620221967097e-06,0.0,13.0,1.1894736842105262
0.00039268007544204965,0.00027441397831966605,1.0218675396773696e-05,6.199430271044398e-06,0.0,14.0,1.1885964912280702
0.0003899602566345332,0.0002760489962621983,1.007715001656953e-05,7.009779325897114e-06,0.0,15.0,1.187719298245614
0.00038732521815318843,0.00027793622848171933,9.933970101989705e-06,7.8531755662347e-06,0.0,16.0,1.186842105263158
0.00038387004518302737,0.00027792108072162403,9.79603028446136e-06,8.747052045969864e-06,0.0,17.0,1.1859649122807017
0.00038095165142255536,0.0002789175306038287,9.659327919998925e-06,9.68946694154491e-06,0.0,18.0,1.1850877192982456
0.00037807630213087867,0.00027992975618478064,9.524030860106983e-06,1.0649263515131253e-05,0.0,19.0,1.1842105263157894
0.0003752099043045767,0.0002807164134440539,9.39360210419647e-06,1.1643053442563834e-05,0.0,20.0,1.1833333333333333
0.00037255146549960603,0.0002819429968743004,9.262691834890292e-06,1.2669967756285073e-05,0.0,21.0,1.182456140350877
0.0003691264009845845,0.00028135964919696465,9.137313261933367e-06,1.3739316479594994e-05,0.0,22.0,1.181578947368421
0.0003664657247774365,0.0002822676410246756,9.012681615456237e-06,1.486159222153831e-05,0.0,23.0,1.1807017543859648
0.0003633904913667969,0.00028232833983603473,8.888412707792043e-06,1.599771680991837e-05,0.0,24.0,1.1798245614035088
0.00036060232567360165,0.00028275914638081,8.768223468971045e-06,1.7168842053318927e-05,0.0,25.0,1.1789473684210525
0.0003578726940044891,0.0002832674924743322,8.64882140761015e-06,1.8409807645036186e-05,0.0,26.0,1.1780701754385965
0.0003548940003142779,0.0002831561445947598,8.531851787568596e-06,1.9635716252819446e-05,0.0,27.0,1.1771929824561402
0.0003519000913006467,0.000282933453392884,8.416497503962032e-06,2.0920504046590148e-05,0.0,28.0,1.1763157894736842
0.00034927801969700337,0.0002834165659349245,8.301900212311836e-06,2.223108540096059e-05,0.0,29.0,1.175438596491228
0.00034618396155749136,0.00028280563959323315,8.190301596277477e-06,2.3598702601268046e-05,0.0,30.0,1.174561403508772
0.0003440108145373027,0.00028395332221359216,8.080368578128268e-06,2.493892061887855e-05,0.0,31.0,1.1736842105263157
0.00034073512855467374,0.00028281630963135693,7.972025105043167e-06,2.634166448933156e-05,0.0,32.0,1.1728070175438596
0.00033822304158017823,0.0002831178848487391,7.865453873936754e-06,2.7751343880043933e-05,0.0,33.0,1.1719298245614034
0.00033560975733199237,0.0002831314121258801,7.760592191086221e-06,2.9245541763425187e-05,0.0,34.0,1.1710526315789473
0.0003329944231083683,0.00028312168450209726,7.656110576049787e-06,3.081449309153025e-05,0.0,35.0,1.170175438596491
0.00033045710407736824,0.0002832707051200678,7.551576669589102e-06,3.233661122950255e-05,0.0,36.0,1.169298245614035
0.00032812332033369516,0.0002835898085232275,7.451782024354535e-06,3.386349814884942e-05,0.0,37.0,1.1684210526315788
0.00032552146120768506,0.00028330535978883623,7.353331210664768e-06,3.54980531909797e-05,0.0,38.0,1.1675438596491228
0.00032312826805843726,0.000283490101693587,7.253842369271993e-06,3.7166064104974634e-05,0.0,39.0,1.1666666666666665
0.0003205031937207369,0.0002830868144481047,7.156836137212645e-06,3.888811950292419e-05,0.0,40.0,1.1657894736842105
0.0003181134564042023,0.00028314692444340097,7.059976832628363e-06,4.057273831160707e-05,0.0,41.0,1.1649122807017545
0.0003158543642535852,0.0002832993997969644,6.966496569866642e-06,4.2252226213841836e-05,0.0,42.0,1.1640350877192982
0.0003136222080718001,0.000283418214340195,6.874759511939383e-06,4.410703240186512e-05,0.0,43.0,1.1631578947368422
0.0003112376908780953,0.00028338359018584036,6.779996425361972e-06,4.598435491480492e-05,0.0,44.0,1.162280701754386
0.00030898947950916297,0.00028342379152145183,6.689190146347003e-06,4.7828707640485024e-05,0.0,45.0,1.1614035087719299
0.00030689483149962495,0.00028372423308797325,6.599319001571065e-06,4.974157096089023e-05,0.0,46.0,1.1605263157894736
0.0003045734091919971,0.00028352059563583297,6.510456249815138e-06,5.1705034355850556e-05,0.0,47.0,1.1596491228070176
0.0003024005262281857,0.0002834435162266027,6.425007018547115e-06,5.359844160886395e-05,0.0,48.0,1.1587719298245613
0.000300276220595586,0.0002834655079923496,6.339512566102385e-06,5.565000603907389e-05,0.0,49.0,1.1578947368421053
0.0002984371107037302,0.00028409284144364507,6.253319062994034e-06,5.771287429334932e-05,0.0,50.0,1.157017543859649
0.00029606520593345364,0.0002834982958565564,6.170254610851175e-06,5.969610440955372e-05,0.0,51.0,1.156140350877193
0.0002941019660586842,0.0002836457916098325,6.0886879943806194e-06,6.187130136599775e-05,0.0,52.0,1.1552631578947368
0.00029196432906329514,0.0002835547538636624,6.004914610709165e-06,6.409006529481303e-05,0.0,53.0,1.1543859649122807
0.0002904079018796114,0.00028439423646804874,5.925778584920844e-06,6.631646826780342e-05,0.0,54.0,1.1535087719298245
0.00028807686877343574,0.0002838040814843405,5.844251193894316e-06,6.855339022593839e-05,0.0,55.0,1.1526315789473685
0.0002860456315724159,0.00028354415929777505,5.768109835389548e-06,7.08041885745609e-05,0.0,56.0,1.1517543859649122
0.0002842344964897629,0.0002838990290781565,5.6884713454262e-06,7.319669064045433e-05,0.0,57.0,1.1508771929824562
0.0002823797728389489,0.00028391968910856285,5.613778243076219e-06,7.547043901110066e-05,0.0,58.0,1.15
0.00028040481065500254,0.0002836115288300488,5.540849758245821e-06,7.780394066824803e-05,0.0,59.0,1.1491228070175439
0.0002787347512304059,0.0002839436585603663,5.467307048391455e-06,8.024860519551045e-05,0.0,60.0,1.1482456140350876
0.0002769358372608973,0.0002840745053553063,5.392631218528881e-06,8.280719686602416e-05,0.0,61.0,1.1473684210526316
0.00027482976396039574,0.0002834361035026866,5.321058798210752e-06,8.524884782064483e-05,0.0,62.0,1.1464912280701753
0.0002731214547120868,0.00028351442955411944,5.251057184502512e-06,8.781235638076892e-05,0.0,63.0,1.1456140350877193
0.00027181357849636613,0.0002844012925434509,5.180899986542171e-06,9.043237353007054e-05,0.0,64.0,1.144736842105263
0.00026977345897266744,0.0002838101978580619,5.111012516867933e-06,9.304924096132635e-05,0.0,65.0,1.143859649122807
0.000268237103533803,0.0002841091175257308,5.0434698096822555e-06,9.579644798033607e-05,0.0,66.0,1.1429824561403508
0.00026644243771081457,0.0002838482034700138,4.976791859214253e-06,9.854537525997237e-05,0.0,67.0,1.1421052631578947
0.00026472668111298845,0.0002837181412487568,4.910650253294331e-06,0.00010135224158687567,0.0,68.0,1.1412280701754385
0.0002635744590305105,0.0002846996009221737,4.844818209946064e-06,0.0001042054920591755,0.0,69.0,1.1403508771929824
0.0002619002334420147,0.0002844637277708354,4.7824589843318165e-06,0.00010689529158573716,0.0,70.0,1.1394736842105262
0.00026003110614395374,0.0002837942025543969,4.7209730124667305e-06,0.00010967852644022021,0.0,71.0,1.1385964912280702
0.0002587982354544461,0.0002843324175932427,4.660778184372388e-06,0.00011256878903978053,0.0,72.0,1.137719298245614
0.0002570505847114886,0.0002838202641544634,4.601001396437839e-06,0.00011542457930353843,0.0,73.0,1.1368421052631579
0.00025581068983540715,0.0002842260635885786,4.543170745944309e-06,0.00011838878426542073,0.0,74.0,1.1359649122807016
0.00025409558789292236,0.00028378452059975653,4.483274263759851e-06,0.00012146966492231741,0.0,75.0,1.1350877192982456
0.00025265823506504025,0.00028386707813594746,4.423992696820693e-06,0.00012487665570544367,0.0,76.0,1.1342105263157893
0.0002513458184468118,0.0002840680555896116,4.367355800320176e-06,0.00012789071704798812,0.0,77.0,1.1333333333333333
0.00024984850475966603,0.00028375996883021854,4.31350399813041e-06,0.0001309209912254374,0.0,78.0,1.132456140350877
0.0002485720262843066,0.00028389077043826686,4.259706089718237e-06,0.00013398721245533765,0.0,79.0,1.131578947368421
0.0002475377448947133,0.00028450608972225465,4.205901734970377e-06,0.00013715252769478636,0.0,80.0,1.130701754385965
0.00024611858808545065,0.0002843061086708987,4.15300112672186e-06,0.0001405046835820273,0.0,81.0,1.1298245614035087
0.000244707351376078,0.00028405940700179644,4.101344306542844e-06,0.0001440378991125403,0.0,82.0,1.1289473684210527
0.00024337296943149786,0.00028413095078772503,4.0463980757339115e-06,0.00014754204226739923,0.0,83.0,1.1280701754385964
0.00024228431076577585,0.0002842899156323856,3.999553074226292e-06,0.00015052443220435976,0.0,84.0,1.1271929824561404
0.00024106717624251331,0.0002841074244158193,3.954389598628993e-06,0.00015372172225742772,0.0,85.0,1.1263157894736842
0.00023966728654275737,0.0002837447391839524,3.905500300185277e-06,0.00015740991945873464,0.0,86.0,1.1254385964912281
0.000238508969426152,0.00028378622837008967,3.85819872499058e-06,0.00016088759708033092,0.0,87.0,1.1245614035087719
0.00023759097143870338,0.0002841946276419047,3.8131770452309866e-06,0.00016423064813441454,0.0,88.0,1.1236842105263158
0.00023680504448785175,0.00028477556785134957,3.7699826156789287e-06,0.0001676950714568852,0.0,89.0,1.1228070175438596
0.00023559348178080682,0.00028440456227561445,3.7288010806297032e-06,0.00017117731711395508,0.0,90.0,1.1219298245614036
0.00023420324366595272,0.000283824012592796,3.6846625418891377e-06,0.0001746749195988601,0.0,91.0,1.1210526315789473
0.0002333117414729989,0.00028414305853578336,3.6424749981352373e-06,0.00017833515014100123,0.0,92.0,1.1201754385964913
0.00023231545654465015,0.00028422966040728744,3.600743634921057e-06,0.00018203490979743037,0.0,93.0,1.119298245614035
0.00023136820525313667,0.0002843046447747505,3.5612076683402122e-06,0.00018569021015792588,0.0,94.0,1.118421052631579
0.00023037748720999206,0.00028423353987313844,3.522855466757755e-06,0.00018933247328034117,0.0,95.0,1.1175438596491227
0.00022955959205235593,0.00028435145516346683,3.487641790483486e-06,0.00019282201142416835,0.0,96.0,1.1166666666666667
0.00022878024568976087,0.00028464747839719183,3.4503941110652685e-06,0.00019665419516088432,0.0,97.0,1.1157894736842104
0.0002278953099551178,0.0002847530734356857,3.412721745846394e-06,0.00020072960848214032,0.0,98.0,1.1149122807017544
0.0002266300066152214,0.000283932689382126,3.3783795602805e-06,0.00020417510907033763,0.0,99.0,1.1140350877192982
0.00022613290159289077,0.00028450117869801856,3.346984531072467e-06,0.00020769735320425703,0.0,100.0,1.1131578947368421
0.00022529648600658133,0.0002844873653497553,3.3136550642777927e-06,0.00021142509749574724,0.0,101.0,1.1122807017543859
0.00022453291935747058,0.000284685805875325,3.2789791112988544e-06,0.00021553858566810102,0.0,102.0,1.1114035087719298
0.00022359472853204895,0.0002843129352431871,3.2487640902431363e-06,0.00021915981274923,0.0,103.0,1.1105263157894736
0.0002229977395735039,0.00028456436224588884,3.2197054502573023e-06,0.00022292186410317557,0.0,104.0,1.1096491228070176
0.00022216927545749317,0.00028446568538320605,3.1883849900074757e-06,0.00022681051918122972,0.0,105.0,1.1087719298245613
0.00022144742099930516,0.0002845376291840438,3.1579100627563248e-06,0.0002308519777362316,0.0,106.0,1.1078947368421053
0.00022059419852960777,0.00028425654149598844,3.129252370533376e-06,0.00023461681495608907,0.0,107.0,1.107017543859649
0.00021972420303052246,0.0002838846517617983,3.1017316478472655e-06,0.00023858871976889333,0.0,108.0,1.106140350877193
0.0002195251945703458,0.0002846882984604665,3.0775575265811475e-06,0.00024210600799309166,0.0,109.0,1.1052631578947367
0.00021885247538333053,0.00028436389573685387,3.0569982161197616e-06,0.0002455711543902233,0.0,110.0,1.1043859649122807
0.0002182885498832178,0.00028449737740500794,3.0316228682351468e-06,0.00024928877169406,0.0,111.0,1.1035087719298244
0.00021755924822018785,0.00028425113474213315,3.007221740444616e-06,0.0002531337804182617,0.0,112.0,1.1026315789473684
0.00021717998115928393,0.0002846676758768279,2.9835635494511347e-06,0.00025705452237294427,0.0,113.0,1.1017543859649122
0.0002165772242772693,0.00028449821857081195,2.9626992214426735e-06,0.00026063381609091785,0.0,114.0,1.1008771929824561
0.00021611513553940334,0.00028471061996513763,2.93980105964315e-06,0.0002647990030466094,0.0,115.0,1.0999999999999999
0.00021523442657551763,0.0002840929567015652,2.9167670156052733e-06,0.00026877377817948145,0.0,116.0,1.0991228070175438
0.0002149946550541004,0.00028445365448179867,2.8998316406595483e-06,0.00027203823849882903,0.0,117.0,1.0982456140350876
0.00021448456850570305,0.0002844547451158959,2.879252060221174e-06,0.00027589597246901294,0.0,118.0,1.0973684210526315
0.00021418157455495188,0.0002847390271603286,2.8613048486839497e-06,0.0002794407999215149,0.0,119.0,1.0964912280701755
0.0002135051279316225,0.00028435840644578926,2.8417076483607853e-06,0.0002832328817024349,0.0,120.0,1.0956140350877193
0.0002129765482740546,0.00028419995712713965,2.8235885888545843e-06,0.0002868582561879103,0.0,121.0,1.094736842105263
0.00021255721768068017,0.00028409177468095804,2.8088401881088647e-06,0.00029032477372026576,0.0,122.0,1.093859649122807
0.00021235704224611854,0.00028441866617993157,2.7941568740667313e-06,0.00029378400164731185,0.0,123.0,1.092982456140351
0.00021208856313554192,0.0002846156525025924,2.7793442428008175e-06,0.0002971292971685458,0.0,124.0,1.0921052631578947
0.00021175201461428981,0.0002847544834885419,2.7629582505032765e-06,0.00030081741584738055,0.0,125.0,1.0912280701754387
0.0002113018678508,0.00028437446099395427,2.7524271559679677e-06,0.0003039590772198916,0.0,126.0,1.0903508771929824
0.0002108827480733242,0.00028419483684226344,2.7391287691432043e-06,0.0003071111051501535,0.0,127.0,1.0894736842105264
0.00021080181297320293,0.0002847179154780182,2.725297923467795e-06,0.0003104053951596167,0.0,128.0,1.0885964912280701
0.0002106176751598063,0.0002849387952738828,2.713383805004205e-06,0.00031368297327702595,0.0,129.0,1.087719298245614
0.00021024700618301175,0.00028471707713338077,2.702867171679547e-06,0.0003167891597084766,0.0,130.0,1.0868421052631578
0.00020995650821625445,0.00028472362617038455,2.690994883661535e-06,0.00031982415448141217,0.0,131.0,1.0859649122807018
0.00021004737490809707,0.0002854905828490989,2.679157513043987e-06,0.000323146418528477,0.0,132.0,1.0850877192982455
0.0002094548602475435,0.00028480873975591066,2.6689833776598598e-06,0.0003259061164799044,0.0,133.0,1.0842105263157895
0.00020893341331912842,0.0002842818645532023,2.6585518445375174e-06,0.0003286861463865788,0.0,134.0,1.0833333333333333
0.00020901416967302337,0.00028491482244632436,2.649010666980203e-06,0.00033149247827118705,0.0,135.0,1.0824561403508772
0.0002085834955784061,0.00028462828064739377,2.637377930410003e-06,0.00033490691786263886,0.0,136.0,1.081578947368421
0.0002082882863838826,0.00028444188339296227,2.629194816068103e-06,0.0003374738412279969,0.0,137.0,1.080701754385965
0.00020835050476723457,0.0002848759865071532,2.6229026026228032e-06,0.0003399496773682618,0.0,138.0,1.0798245614035087
0.00020796023251601844,0.00028457585309883665,2.613179684269459e-06,0.0003428132825530294,0.0,139.0,1.0789473684210527
0.00020782343427710044,0.00028464343040882957,2.6062604300817147e-06,0.0003452079755261034,0.0,140.0,1.0780701754385964
0.00020781528584355475,0.0002850903996344356,2.596869173156325e-06,0.0003483564676905966,0.0,141.0,1.0771929824561404
0.00020720803139495178,0.0002840785434334165,2.5927470353563025e-06,0.0003500827080330965,0.0,142.0,1.0763157894736841
0.00020718715198869665,0.0002843227419319741,2.586945514459182e-06,0.00035214465194537635,0.0,143.0,1.075438596491228
0.00020739578429230295,0.00028510781597421684,2.579458050159869e-06,0.0003554286677481,0.0,144.0,1.0745614035087718
0.00020680555776670165,0.00028435254517063816,2.570864502786396e-06,0.00035767150677176534,0.0,145.0,1.0736842105263158
0.00020682939695053162,0.0002847568325317591,2.5636461471940486e-06,0.00035982681666431424,0.0,146.0,1.0728070175438595
0.00020667854391247522,0.0002846652370144157,2.559370368273212e-06,0.0003616684084594583,0.0,147.0,1.0719298245614035
0.00020642186349958827,0.00028440981005552256,2.5541152133200174e-06,0.00036407988023687255,0.0,148.0,1.0710526315789473
0.00020647482481528948,0.00028467393259756275,2.550888160344445e-06,0.0003656545275758239,0.0,149.0,1.0701754385964912
0.0002062537518659585,0.0002843127013033668,2.5492125997435642e-06,0.00036708722152425455,0.0,150.0,1.069298245614035
0.00020639875664963298,0.0002850167756962305,2.5408423221108147e-06,0.00036930891981000404,0.0,151.0,1.068421052631579
0.00020616565903198506,0.000284864801955745,2.534479652401659e-06,0.00037126764087504134,0.0,152.0,1.0675438596491227
0.00020607688489831852,0.00028481219655312535,2.531927863261729e-06,0.0003725893884417296,0.0,153.0,1.0666666666666667
0.00020599490016746678,0.00028489223291876383,2.526976659817806e-06,0.00037436324250618154,0.0,154.0,1.0657894736842106
0.0002057267065613678,0.00028459999893383795,2.5220108699852637e-06,0.0003764350598748594,0.0,155.0,1.0649122807017544
0.00020578685366585636,0.000284960204215532,2.5171404444774625e-06,0.0003782431191383601,0.0,156.0,1.0640350877192981
0.0002053097247339163,0.00028426695852127627,2.511850543172104e-06,0.0003799828194116891,0.0,157.0,1.063157894736842
0.0002057686134489591,0.0002853563975289313,2.5083720931830424e-06,0.0003811136189892166,0.0,158.0,1.062280701754386
0.00020519900275548642,0.0002844472542914771,2.5037059861874558e-06,0.000382726274604555,0.0,159.0,1.0614035087719298
0.00020524668084585216,0.00028465552583538216,2.5014002277031915e-06,0.0003839068749110124,0.0,160.0,1.0605263157894735
0.00020503564903149172,0.0002843916701467734,2.4981630039470796e-06,0.0003857390442265116,0.0,161.0,1.0596491228070175
0.00020500554172169763,0.00028453319737234005,2.4940751051940783e-06,0.0003870659781825924,0.0,162.0,1.0587719298245615
0.00020506195352918544,0.0002847086469086879,2.49279792503037e-06,0.0003876812313500076,0.0,163.0,1.0578947368421052
0.00020493348914921183,0.00028466075290262225,2.4885499397627633e-06,0.00038936449654725195,0.0,164.0,1.0570175438596492
0.00020448836394182122,0.0002840127659795301,2.4836609725627995e-06,0.00039045824407921625,0.0,165.0,1.056140350877193
0.0002048234886781281,0.0002847833480020829,2.4816263682066837e-06,0.0003911575503628423,0.0,166.0,1.055263157894737
0.00020485127684424917,0.00028499439764766344,2.478442234602565e-06,0.0003930227419405068,0.0,167.0,1.0543859649122806
0.00020446794999189684,0.0002844419705597784,2.4741137000911665e-06,0.0003941233021077139,0.0,168.0,1.0535087719298246
0.0002042793694920429,0.0002841704781538542,2.471954799099101e-06,0.00039526345660156155,0.0,169.0,1.0526315789473684
0.00020449312792781527,0.0002847600494815822,2.4686644416754044e-06,0.00039649076206963,0.0,170.0,1.0517543859649123
0.00020444758882431287,0.00028488874794605135,2.4642269239661376e-06,0.0003975401081998586,0.0,171.0,1.050877192982456
0.00020444385001893822,0.00028495325664654,2.4627521320601228e-06,0.0003984176763854211,0.0,172.0,1.05
0.00020413958498792972,0.0002843973512289461,2.4616745116678656e-06,0.00039904852086302376,0.0,173.0,1.0491228070175438
0.00020409037344880685,0.0002845056436162337,2.457503577442598e-06,0.0003999623307200533,0.0,174.0,1.0482456140350878
0.00020428545421806134,0.00028523303426436806,2.4506930954680362e-06,0.0004016120180299748,0.0,175.0,1.0473684210526315
0.00020383321265392962,0.00028438716064447996,2.4495051206658276e-06,0.00040200573124852596,0.0,176.0,1.0464912280701755
0.00020395360025075708,0.0002847666485762099,2.4466947792116613e-06,0.0004029064675057716,0.0,177.0,1.0456140350877192
0.00020404755932706397,0.00028492581986034384,2.447268065106161e-06,0.0004029460655457426,0.0,178.0,1.0447368421052632
0.0002037507750896595,0.0002844752643773195,2.444367428045966e-06,0.00040395765667765803,0.0,179.0,1.043859649122807
0.00020365867007443914,0.0002843768217076386,2.442628551411642e-06,0.0004045468872108643,0.0,180.0,1.042982456140351
0.00020335866809149781,0.0002841010804559307,2.436086090725204e-06,0.00040597664577154984,0.0,181.0,1.0421052631578946
0.0002033931870790285,0.0002843229463339383,2.4329853915804635e-06,0.0004070776816549716,0.0,182.0,1.0412280701754386
0.0002035239724111153,0.0002847338106784917,2.429970892678285e-06,0.0004077979285665807,0.0,183.0,1.0403508771929824
0.00020330888502500017,0.0002844877118227792,2.4262523461662413e-06,0.00040872098285629234,0.0,184.0,1.0394736842105263
0.00020319608547433505,0.00028421425182189464,2.427208462455577e-06,0.00040874822980449586,0.0,185.0,1.03859649122807
0.0002033312570695459,0.000284571088727042,2.425455389377545e-06,0.0004093307625745788,0.0,186.0,1.037719298245614
0.0002035148792122564,0.00028516119273685,2.420959803407961e-06,0.0004102887288499824,0.0,187.0,1.0368421052631578
0.0002032311922410895,0.0002847302333185991,2.4182132038183847e-06,0.00041074431331576694,0.0,188.0,1.0359649122807018
0.00020339782557133107,0.0002851735350998796,2.415989641859689e-06,0.00041131814621067153,0.0,189.0,1.0350877192982455
0.00020299641619806426,0.0002845118581038624,2.413124282851906e-06,0.00041237952710031326,0.0,190.0,1.0342105263157895
0.00020327866999245332,0.0002851302009671942,2.4120335535289717e-06,0.0004127295799435725,0.0,191.0,1.0333333333333332
0.00020280944646381278,0.0002844008457622789,2.407838451007876e-06,0.00041306215182545516,0.0,192.0,1.0324561403508772
0.00020262984009511697,0.0002842306785591027,2.404002669347796e-06,0.00041443499838821464,0.0,193.0,1.0315789473684212
0.00020296009766789,0.0002847447172485334,2.4069559440731826e-06,0.00041384058582998485,0.0,194.0,1.030701754385965
0.0002029220858590165,0.00028481730163504787,2.4039667902715967e-06,0.00041426628787153845,0.0,195.0,1.0298245614035086
0.00020254864248182074,0.00028424094208398895,2.400506332095858e-06,0.00041551339993092855,0.0,196.0,1.0289473684210526
0.00020259073914712344,0.0002845295691832224,2.396402747384939e-06,0.0004158861193533558,0.0,197.0,1.0280701754385966
0.00020252681963644188,0.00028456094988807727,2.3932022344933146e-06,0.0004162898191884345,0.0,198.0,1.0271929824561403
0.00020270495863678435,0.00028495205393737734,2.3924905555485043e-06,0.00041666549338508543,0.0,199.0,1.026315789473684
0.00020246080231105148,0.00028466360377593007,2.3884459399271616e-06,0.00041785102190801686,0.0,200.0,1.025438596491228
0.0002023314436453579,0.0002845213197060963,2.386086454286693e-06,0.00041862251538441495,0.0,201.0,1.024561403508772
0.0002024981201973195,0.00028494507675819164,2.3842759251806925e-06,0.00041868296343746016,0.0,202.0,1.0236842105263158
0.0002022574219467657,0.00028451915830663115,2.383140605280371e-06,0.00041932571699994045,0.0,203.0,1.0228070175438597
0.00020220607316893832,0.00028465000691001136,2.3784458574903632e-06,0.00041992368581959425,0.0,204.0,1.0219298245614035
0.00020218188834396694,0.0002845908625253153,2.378678487886944e-06,0.0004194925423744717,0.0,205.0,1.0210526315789474
0.00020216852166836922,0.0002846804158917382,2.3763560993824798e-06,0.0004194119189047604,0.0,206.0,1.0201754385964912
0.0002020739806601284,0.00028467356654515995,2.3726774169199002e-06,0.0004202603804145869,0.0,207.0,1.0192982456140351
0.00020192440456167547,0.00028448809515181373,2.3703833970019363e-06,0.00042077229788809297,0.0,208.0,1.018421052631579
0.00020181415799805353,0.0002844358955511118,2.366982691102233e-06,0.000421643700715318,0.0,209.0,1.0175438596491229
0.00020218031155292714,0.00028518947830841147,2.3665412161009656e-06,0.00042204364048982197,0.0,210.0,1.0166666666666666
0.0002019907501551254,0.0002848984163253342,2.3647929909612418e-06,0.0004217168984644566,0.0,211.0,1.0157894736842106
0.00020161784692283939,0.00028423839364215877,2.363077080198412e-06,0.0004217243109713598,0.0,212.0,1.0149122807017543
0.00020177992450294425,0.00028474047338198825,2.3594896320353366e-06,0.00042244657200306664,0.0,213.0,1.0140350877192983
0.00020154205830586424,0.00028436058730407066,2.357545148186797e-06,0.0004231360037452306,0.0,214.0,1.013157894736842
0.00020166761191699162,0.0002848026930553609,2.3536800252442986e-06,0.0004242642800905838,0.0,215.0,1.012280701754386
0.0002015140742615603,0.0002846591855878089,2.350397105030798e-06,0.00042455425469475617,0.0,216.0,1.0114035087719297
0.00020112657750786576,0.00028407599833117246,2.3465389311138393e-06,0.0004251078321917142,0.0,217.0,1.0105263157894737
0.0002014459871402274,0.00028476355532369425,2.345575169926257e-06,0.0004248283407535148,0.0,218.0,1.0096491228070175
0.00020161496598119968,0.000285165698574038,2.3442761880744124e-06,0.0004252118790125229,0.0,219.0,1.0087719298245614
0.000201482461545888,0.00028489002627212563,2.344504412470252e-06,0.00042483748663826393,0.0,220.0,1.0078947368421052
0.00020111731675099705,0.0002844459815836236,2.338731174823861e-06,0.0004260451439584821,0.0,221.0,1.0070175438596491
0.00020103519269791466,0.00028447752087662503,2.334795249659135e-06,0.0004265514879158367,0.0,222.0,1.006140350877193
0.00020106834704854988,0.00028461333755450054,2.33340723132773e-06,0.00042649989552906225,0.0,223.0,1.0052631578947369
0.00020094578969726367,0.0002844937381241239,2.330833677798742e-06,0.0004280754037096467,0.0,224.0,1.0043859649122806
0.00020086876337178046,0.0002845116961279046,2.3273784377264086e-06,0.00042845261237983744,0.0,225.0,1.0035087719298246
0.00020081470231949982,0.0002843930417160228,2.327609016108535e-06,0.00042795510918720663,0.0,226.0,1.0026315789473683
0.00020102110885522717,0.00028497462913003546,2.324198082631968e-06,0.00042884025061383453,0.0,227.0,1.0017543859649123
0.00020084341822748398,0.0002847498160250278,2.3215849032589955e-06,0.0004288895437256653,0.0,228.0,1.000877192982456
0.00020069966883886245,0.0002844811322593054,2.3212123496079898e-06,0.000428796308652352,0.0,229.0,1.0
0.00020070631471180914,0.0002844994372906983,2.3210973190615465e-06,0.000429163324953749,0.0,230.0,0.9991228070175439
0.00020047980513319128,0.0002842265372552277,2.3174688194950085e-06,0.00042981718689613754,0.0,231.0,0.9982456140350877
0.00020059701678356234,0.0002845027355238789,2.3166378250366395e-06,0.00042970260231857524,0.0,232.0,0.9973684210526316
0.00020065329545368492,0.0002848101382106373,2.312713932403931e-06,0.0004303787371547632,0.0,233.0,0.9964912280701754
0.0002003842850113303,0.00028452699811177753,2.3076030805211958e-06,0.0004307084699784804,0.0,234.0,0.9956140350877193
0.00020033239886153476,0.00028455223412273794,2.3049962980343737e-06,0.0004313726943071512,0.0,235.0,0.9947368421052631
0.0002005886318422113,0.00028522137887953365,2.3018354431053854e-06,0.00043205584774786093,0.0,236.0,0.993859649122807
0.00020026072346938692,0.0002846079521161267,2.3009798840013844e-06,0.00043225310690386197,0.0,237.0,0.9929824561403509
0.0002005475490246363,0.00028504505938701423,2.3037446635008997e-06,0.00043140346161321317,0.0,238.0,0.9921052631578947
0.0002003423397124698,0.0002848109821252704,2.300202774655166e-06,0.000431778116090734,0.0,239.0,0.9912280701754386
0.0001998272074472125,0.0002839928326527214,2.295905998048552e-06,0.0004331403987105263,0.0,240.0,0.9903508771929824
0.00019987654085109024,0.0002845365459766075,2.286951629373861e-06,0.00043447602183581966,0.0,241.0,0.9894736842105263
0.00019998570655824812,0.00028470332539264596,2.288008729904142e-06,0.00043382388061219586,0.0,242.0,0.9885964912280701
0.00019995431447227647,0.0002847888835168782,2.2850323457623217e-06,0.0004340650395086296,0.0,243.0,0.987719298245614
0.00019997976850878366,0.0002850408935124655,2.280994439171438e-06,0.0004344607489557772,0.0,244.0,0.9868421052631579
0.00019981259761367367,0.0002846550669738299,2.282056092638224e-06,0.0004336606684528976,0.0,245.0,0.9859649122807017
0.00019997795488441928,0.0002851489609056835,2.2787583263553993e-06,0.000434516418193619,0.0,246.0,0.9850877192982456
0.00019972038023403747,0.00028479139459633456,2.27556847242897e-06,0.0004354713018019101,0.0,247.0,0.9842105263157894
0.0001995688227603101,0.0002846639599904183,2.27202117889025e-06,0.0004363155550955754,0.0,248.0,0.9833333333333333
0.00019984532581141114,0.00028509757861143166,2.2744397929890847e-06,0.0004355419013047762,0.0,249.0,0.9824561403508771
0.00019985441952868955,0.00028514509434003903,2.2738620974204498e-06,0.0004353186000798626,0.0,250.0,0.981578947368421
0.0001997236600814097,0.00028507669146505263,2.2699594419034615e-06,0.000436329196256222,0.0,251.0,0.9807017543859649
0.00019969242889838804,0.00028529932040836144,2.264226016408069e-06,0.0004371176895524615,0.0,252.0,0.9798245614035087
0.000199751634372193,0.00028547991211171157,2.262962216817821e-06,0.0004376238964541639,0.0,253.0,0.9789473684210526
0.00019938788840577297,0.0002848022816713912,2.2619730839681815e-06,0.0004374184806301863,0.0,254.0,0.9780701754385964
0.00019943027313148206,0.0002848738155108988,2.2622637951522952e-06,0.0004367698907731417,0.0,255.0,0.9771929824561403
0.00019927871732151965,0.0002846376838852353,2.260929115445027e-06,0.00043664735723298443,0.0,256.0,0.9763157894736841
0.00019961413611019804,0.0002855015866288278,2.2570393850948213e-06,0.000437357367577522,0.0,257.0,0.975438596491228
0.00019917492055976122,0.00028471465565610676,2.2551972469035927e-06,0.0004376649253561093,0.0,258.0,0.974561403508772
0.00019916780419096383,0.00028478882856440964,2.253439205136196e-06,0.00043741228643325627,0.0,259.0,0.9736842105263157
0.00019921360316731856,0.00028503203037130866,2.2503821617371402e-06,0.0004380336442195317,0.0,260.0,0.9728070175438597
0.0001988209567476232,0.00028427806092127573,2.2497279755542393e-06,0.0004387286542762417,0.0,261.0,0.9719298245614035
0.0001989222735833213,0.000284751810396959,2.2442736611353604e-06,0.00043952687999465856,0.0,262.0,0.9710526315789474
0.0001990556885320894,0.000285069909139267,2.2432515461988075e-06,0.00043944521517687274,0.0,263.0,0.9701754385964912
0.0001988362631079214,0.00028478519376845724,2.2401758438415475e-06,0.0004392691216188118,0.0,264.0,0.9692982456140351
0.00019847934713776978,0.0002841727624910821,2.2381277246918023e-06,0.0004397745912074009,0.0,265.0,0.968421052631579
0.00019889501412071183,0.0002850663045804343,2.236844925365406e-06,0.0004407383677358303,0.0,266.0,0.9675438596491228
0.00019868965685402692,0.0002847582351941231,2.2347972479648477e-06,0.00044060710721800463,0.0,267.0,0.9666666666666667
0.00019859364660871126,0.00028468866243919124,2.232368668795543e-06,0.0004401005726028311,0.0,268.0,0.9657894736842105
0.0001986024006647571,0.0002848443536575137,2.2295653646225645e-06,0.0004410876347515547,0.0,269.0,0.9649122807017544
0.00019832483086302527,0.0002843430154625475,2.2284821195104326e-06,0.0004412724576503125,0.0,270.0,0.9640350877192982
0.00019846447715408445,0.0002846411802993459,2.2281346073869642e-06,0.0004405231490569589,0.0,271.0,0.9631578947368421
0.000198271615087736,0.00028450131119640165,2.2231828747859124e-06,0.00044138541084605436,0.0,272.0,0.962280701754386
0.00019798788720965248,0.00028422889131385224,2.2172127846595176e-06,0.00044312377986629347,0.0,273.0,0.9614035087719298
0.00019820565281126435,0.00028469747846445354,2.216564917562164e-06,0.00044278750589037163,0.0,274.0,0.9605263157894737
0.00019812240153331196,0.00028461828113065965,2.2148114728120014e-06,0.0004429729410546331,0.0,275.0,0.9596491228070175
0.00019773605858855792,0.00028408728046601216,2.2099357710858168e-06,0.00044402312468556037,0.0,276.0,0.9587719298245614
0.000197931893658207,0.0002846418361482577,2.20665698146269e-06,0.00044454978526258947,0.0,277.0,0.9578947368421052
0.00019782554933472593,0.000284299811031191,2.2092821153786985e-06,0.00044359031359336395,0.0,278.0,0.9570175438596491
0.00019786983528564118,0.00028442080725252927,2.2086513885265656e-06,0.0004431485989232885,0.0,279.0,0.956140350877193
0.00019789352360939224,0.00028475355468572726,2.2028938892075056e-06,0.0004443970950904465,0.0,280.0,0.9552631578947368
0.00019786161608180354,0.0002849417268156785,2.1978198826919957e-06,0.0004452557463408004,0.0,281.0,0.9543859649122807
0.00019794107174524742,0.00028511052636789235,2.1976125688565606e-06,0.00044549395053534806,0.0,282.0,0.9535087719298245
0.00019781969554651707,0.0002848571427052651,2.197836214507947e-06,0.0004452221386021585,0.0,283.0,0.9526315789473684
0.00019780484129626122,0.00028474735628115976,2.199452350330004e-06,0.0004448537735178582,0.0,284.0,0.9517543859649122
0.0001976861502092128,0.0002847461980837378,2.194711386532817e-06,0.00044526730434715984,0.0,285.0,0.9508771929824561
0.000197576662250073,0.0002846323549666449,2.192570650945493e-06,0.00044621678260012277,0.0,286.0,0.95
0.00019732744428115051,0.0002843699971246344,2.187826112747473e-06,0.000446792805636635,0.0,287.0,0.9491228070175439
0.0001973298294690585,0.0002844706806566415,2.1859127406631164e-06,0.00044667122094886564,0.0,288.0,0.9482456140350877
0.00019720264569379376,0.00028430230737788807,2.1841836410026466e-06,0.0004469031039698708,0.0,289.0,0.9473684210526316
0.00019735497262264435,0.00028459361921505914,2.1844653163908066e-06,0.0004465315629993955,0.0,290.0,0.9464912280701754
0.00019735025747659113,0.0002848467083189516,2.179183216244228e-06,0.0004473257767294658,0.0,291.0,0.9456140350877194
0.0001973929751723042,0.0002850342395377068,2.1771224224720156e-06,0.00044779699436479957,0.0,292.0,0.9447368421052631
0.00019720548871847128,0.0002848217921366633,2.1738569333611965e-06,0.000448170655671092,0.0,293.0,0.9438596491228071
0.00019692785665817257,0.0002843096512243462,2.173007150245555e-06,0.00044785296623907556,0.0,294.0,0.9429824561403508
0.0001971551535110774,0.00028482183040325727,2.1718711081936306e-06,0.0004474599350677061,0.0,295.0,0.9421052631578948
0.00019692838167246622,0.0002845165509578765,2.168880177034441e-06,0.0004481026614312462,0.0,296.0,0.9412280701754385
0.00019706447848978018,0.00028487937323333945,2.167037064357692e-06,0.000448864873100532,0.0,297.0,0.9403508771929825
0.0001967796848376236,0.0002843626607168935,2.165954582746394e-06,0.0004494914732413951,0.0,298.0,0.9394736842105262
0.00019679623026878812,0.0002844591104734516,2.164698393298433e-06,0.00044921621999123877,0.0,299.0,0.9385964912280702
0.00019685234232128974,0.0002847674955049099,2.1607761011352743e-06,0.00044919143739239757,0.0,300.0,0.937719298245614
0.00019678237031099357,0.00028472536726424185,2.1587973452733574e-06,0.00044975207503977625,0.0,301.0,0.9368421052631579
0.0001968316560564447,0.0002848749083874619,2.157796223501481e-06,0.00044929581214369035,0.0,302.0,0.9359649122807017
0.00019671429525798474,0.0002847542031320906,2.1554876170065194e-06,0.0004500021654605177,0.0,303.0,0.9350877192982456
0.0001964840563261062,0.0002844804737459584,2.1517306940754307e-06,0.0004505517638345151,0.0,304.0,0.9342105263157894
0.00019636591975503873,0.00028444908571089274,2.147617742963089e-06,0.00045093354781010895,0.0,305.0,0.9333333333333333
0.00019677466457154502,0.0002852370569948493,2.1481984953607477e-06,0.00045117218824865046,0.0,306.0,0.9324561403508771
0.00019656703390266714,0.00028495953227150275,2.14544386168153e-06,0.0004511708207061945,0.0,307.0,0.9315789473684211
0.00019652425859005028,0.00028487864469718915,2.1453842681149575e-06,0.0004503273317316823,0.0,308.0,0.9307017543859648
0.00019595442047919815,0.000284025107860309,2.139615369783077e-06,0.00045148177471130704,0.0,309.0,0.9298245614035088
0.00019609801971906058,0.0002843939399561986,2.137958860628431e-06,0.00045208157509505167,0.0,310.0,0.9289473684210525
0.0001962272396653369,0.00028467623012434757,2.1374896654418153e-06,0.0004518853238189258,0.0,311.0,0.9280701754385965
0.00019633993484489173,0.000284834896431705,2.138847370265832e-06,0.00045130397656576766,0.0,312.0,0.9271929824561403
0.00019594067177664283,0.0002842372878774454,2.1347991708246976e-06,0.00045204910151363376,0.0,313.0,0.9263157894736842
0.0001962547378902738,0.0002850284544099431,2.1315262862296714e-06,0.0004523533206223182,0.0,314.0,0.9254385964912281
0.00019606754120883734,0.0002847810510901677,2.128980870899442e-06,0.0004524943569889979,0.0,315.0,0.9245614035087719
0.0001958942251255259,0.0002844840265592898,2.127980187109169e-06,0.00045270601976813335,0.0,316.0,0.9236842105263158
0.0001962472113310772,0.0002853655038691221,2.124416008108075e-06,0.00045405728532218966,0.0,317.0,0.9228070175438596
0.00019562479149611543,0.0002842306309368449,2.122227016367006e-06,0.0004538019909099047,0.0,318.0,0.9219298245614035
0.00019563445643936195,0.0002844415704122503,2.1183722700093054e-06,0.00045436400509371507,0.0,319.0,0.9210526315789473
0.00019589113780469407,0.0002850097248532486,2.117302863420431e-06,0.00045370280464579504,0.0,320.0,0.9201754385964912
0.00019596433551766383,0.0002853324784964397,2.1137448625972545e-06,0.0004544745701357071,0.0,321.0,0.9192982456140351
0.00019562508820086585,0.00028485051016655056,2.109788959066517e-06,0.0004551071102550375,0.0,322.0,0.9184210526315789
0.00019534769575888956,0.0002843227107062405,2.1092508097516617e-06,0.0004550745106132835,0.0,323.0,0.9175438596491228
0.00019547867098925042,0.0002847191531503575,2.1065083018521575e-06,0.0004563879825407446,0.0,324.0,0.9166666666666666
0.00019541749473763037,0.00028467492949417787,2.104923400052373e-06,0.00045694418758070583,0.0,325.0,0.9157894736842105
0.00019542105829309635,0.00028467531173814834,2.1050975149764533e-06,0.00045596579895215917,0.0,326.0,0.9149122807017543
0.00019517997795530357,0.00028435265987396995,2.1018967012432716e-06,0.0004562305048005478,0.0,327.0,0.9140350877192982
0.00019542031490362411,0.0002850972751310587,2.096582960269572e-06,0.0004571047686283456,0.0,328.0,0.9131578947368421
0.0001953294826927074,0.00028493710792686734,2.09613052819305e-06,0.0004576672621693635,0.0,329.0,0.9122807017543859
0.00019535932625958723,0.0002850109120098258,2.0958539179443974e-06,0.00045752420408713733,0.0,330.0,0.9114035087719298
0.00019537754315966253,0.00028511882026030895,2.094430454750813e-06,0.00045737305714138463,0.0,331.0,0.9105263157894736
0.00019514470920053504,0.0002847296070678248,2.0929055855352894e-06,0.0004572666761547932,0.0,332.0,0.9096491228070176
0.00019482263460251492,0.00028416176068858114,2.0913800443712156e-06,0.0004572518895281434,0.0,333.0,0.9087719298245613
0.00019544618192758465,0.00028563796631029674,2.086745160471909e-06,0.0004585676448886123,0.0,334.0,0.9078947368421053
0.0001949910886944314,0.00028499395175865527,2.0813702862143744e-06,0.00045985519837213074,0.0,335.0,0.9070175438596491
0.00019469164849740054,0.0002844067460997377,2.0811572189960825e-06,0.000459342917281588,0.0,336.0,0.906140350877193
0.00019502567423256028,0.0002852040843080572,2.0785673342162807e-06,0.000459448125193323,0.0,337.0,0.9052631578947368
0.00019465021480626388,0.00028457875504249485,2.0760541287124987e-06,0.0004594858458553855,0.0,338.0,0.9043859649122807
0.0001948904606453687,0.0002849620185150474,2.0780092321549836e-06,0.0004592197617826877,0.0,339.0,0.9035087719298245
0.0001947397827366583,0.00028488739865678483,2.0734408741762313e-06,0.0004600597108681875,0.0,340.0,0.9026315789473685
0.00019505396018992235,0.0002855172555090423,2.0734326187410482e-06,0.0004595173114363657,0.0,341.0,0.9017543859649122
0.00019481724806702074,0.00028505222519856584,2.073273117426379e-06,0.00045930803553301567,0.0,342.0,0.9008771929824562
0.00019477263801951462,0.000285041707238204,2.07170178203612e-06,0.0004592386137828379,0.0,343.0,0.8999999999999999
0.00019445720740160716,0.00028466789715756704,2.0664915074816876e-06,0.00046097023223350077,0.0,344.0,0.8991228070175439
0.0001944793106878312,0.0002849057454510894,2.0625858098292525e-06,0.00046179382908952756,0.0,345.0,0.8982456140350877
0.0001942278975980625,0.00028456307726475475,2.0593753717093556e-06,0.0004619781336893328,0.0,346.0,0.8973684210526316
0.00019438675140449663,0.0002848396982502674,2.0602348457095644e-06,0.00046102980825669644,0.0,347.0,0.8964912280701754
0.00019415999217674155,0.0002844175867340508,2.0595934136451463e-06,0.00046136352524289427,0.0,348.0,0.8956140350877193
0.00019460065997697185,0.0002851520665038173,2.0625443908038123e-06,0.00046101663668768046,0.0,349.0,0.8947368421052632
0.00019431672851675033,0.00028486205722581885,2.0569706147833173e-06,0.00046143500938646605,0.0,350.0,0.893859649122807
0.00019450639283891024,0.0002853988455982714,2.0538360281071136e-06,0.0004610683764502724,0.0,351.0,0.8929824561403509
0.000193918597785229,0.00028447311058535927,2.04878315585229e-06,0.0004624642188970984,0.0,352.0,0.8921052631578947
0.0001941003835413415,0.0002849694477560503,2.0461007638006466e-06,0.0004631400245007254,0.0,353.0,0.8912280701754386
0.00019380003788243045,0.0002844280841987574,2.044917507991194e-06,0.00046305452952722384,0.0,354.0,0.8903508771929824
0.00019409225056393113,0.00028506485327102965,2.04387603351425e-06,0.00046292484382321007,0.0,355.0,0.8894736842105263
0.0001942185969952287,0.0002852200563069566,2.0458415080785367e-06,0.00046253356088300844,0.0,356.0,0.8885964912280702
0.00019379410647596954,0.00028467490233140654,2.0396895800466428e-06,0.0004644170253259433,0.0,357.0,0.887719298245614
0.00019370072894579597,0.0002846023317010936,2.0373897947837437e-06,0.0004648194698865318,0.0,358.0,0.8868421052631579
0.000193635637035409,0.0002846012727146993,2.034820222460437e-06,0.00046449583893284576,0.0,359.0,0.8859649122807017
0.00019396557418875282,0.00028520528197769994,2.0359608633191977e-06,0.00046391084287435207,0.0,360.0,0.8850877192982456
0.00019384169380675135,0.0002851171020854167,2.0327752127916977e-06,0.0004637661488048112,0.0,361.0,0.8842105263157894
0.00019349602294664107,0.0002846714440633272,2.027826212159766e-06,0.00046464473352664904,0.0,362.0,0.8833333333333333
0.0001934945127785371,0.0002846572739942124,2.0280136810016524e-06,0.0004655324206583344,0.0,363.0,0.8824561403508772
0.00019344797698337608,0.00028476442976479744,2.024003638517813e-06,0.00046567287461082943,0.0,364.0,0.881578947368421
0.00019371904544269954,0.00028542269915317255,2.02164136646664e-06,0.00046666386944177007,0.0,365.0,0.880701754385965
0.00019353620036261722,0.00028511573281891445,2.020472660217676e-06,0.00046651731677798596,0.0,366.0,0.8798245614035087
0.0001931841767415429,0.00028447213741547914,2.019258049258135e-06,0.00046665705924189333,0.0,367.0,0.8789473684210527
0.00019340964710604563,0.0002848774878741817,2.0201761581632472e-06,0.0004664977902296526,0.0,368.0,0.8780701754385964
0.00019340953609193177,0.00028493261949892997,2.019096213831183e-06,0.0004658194281908899,0.0,369.0,0.8771929824561404
0.00019319843987298878,0.00028467228448164264,2.0158509368649426e-06,0.000466026108620909,0.0,370.0,0.8763157894736842
0.00019329065513072185,0.00028509382665266883,2.0110814535895282e-06,0.0004667061941996032,0.0,371.0,0.8754385964912281
0.00019299928237322963,0.00028469717565923156,2.0073173068818593e-06,0.0004677594780033437,0.0,372.0,0.8745614035087719
0.00019309994750737206,0.0002849781380826646,2.005740008254332e-06,0.00046737735076169323,0.0,373.0,0.8736842105263158
0.0001930361038065024,0.0002849114985453496,2.0044805100201885e-06,0.0004683424071352867,0.0,374.0,0.8728070175438596
0.00019294767199850362,0.00028493601051714755,2.0003955650527967e-06,0.0004697774528757636,0.0,375.0,0.8719298245614036
0.00019283046837760692,0.0002845671593723549,2.0031279104604456e-06,0.0004686886267605382,0.0,376.0,0.8710526315789473
0.00019302561545633427,0.0002850648659542234,2.0009988976155707e-06,0.0004682096839510522,0.0,377.0,0.8701754385964913
0.0001925871984407386,0.000284457310930808,1.9955537532128143e-06,0.00046969972148768347,0.0,378.0,0.869298245614035
0.00019285966037555004,0.0002850322727505164,1.994968476229718e-06,0.00046931276788090935,0.0,379.0,0.868421052631579
0.00019271881956153402,0.00028467816714461283,1.996428846673089e-06,0.0004690144149904458,0.0,380.0,0.8675438596491227
0.0001926855443588704,0.00028478367774100713,1.9929963098716675e-06,0.0004687996884243132,0.0,381.0,0.8666666666666667
0.00019233048287177476,0.0002843014950747891,1.9883604023198735e-06,0.0004707261777807771,0.0,382.0,0.8657894736842104
0.00019240678864235696,0.00028448558073277124,1.987732138148817e-06,0.00047069667594880793,0.0,383.0,0.8649122807017544
0.00019240700716221073,0.0002846362159140686,1.984708432402385e-06,0.00047118516645433615,0.0,384.0,0.8640350877192982
0.00019243504014290568,0.00028463423957831403,1.985875169994684e-06,0.00047104237792614537,0.0,385.0,0.8631578947368421
0.00019248028117929938,0.00028495559339236404,1.981225251929437e-06,0.00047185024928572407,0.0,386.0,0.8622807017543859
0.00019252046400853977,0.00028516438931158055,1.9786688964780794e-06,0.0004715462785120436,0.0,387.0,0.8614035087719298
0.00019229321214962633,0.0002848015038251056,1.9768133878858663e-06,0.00047212681423370397,0.0,388.0,0.8605263157894736
0.0001921300524471493,0.00028462589237308124,1.973770279836969e-06,0.00047285043070337393,0.0,389.0,0.8596491228070176
0.0001923466610810785,0.000285033697270894,1.9743293065574926e-06,0.0004715800303471982,0.0,390.0,0.8587719298245613
0.00019220359318505034,0.0002849811242996347,1.9696256079305423e-06,0.00047239017633870925,0.0,391.0,0.8578947368421053
0.00019202094127049064,0.0002846173525328016,1.9696050998422647e-06,0.00047213699657168293,0.0,392.0,0.8570175438596491
0.0001921952348639386,0.0002850118013404197,1.9687016875275946e-06,0.0004717906479202535,0.0,393.0,0.856140350877193
0.0001924719574596762,0.0002857966795044796,1.9640070735809967e-06,0.0004734391096141035,0.0,394.0,0.8552631578947368
0.0001920599204381232,0.0002851247867625654,1.960945083909699e-06,0.00047389735265572453,0.0,395.0,0.8543859649122807
0.00019173882312117053,0.0002845733622377414,1.9591361208940477e-06,0.0004737376088435455,0.0,396.0,0.8535087719298246
0.00019182299456964983,0.00028489167154276655,1.95610052766757e-06,0.0004746457288896645,0.0,397.0,0.8526315789473684
0.0001917579830504565,0.0002845702034594104,1.9599834843732566e-06,0.000473294976426253,0.0,398.0,0.8517543859649123
0.00019169086415593396,0.00028471144538545594,1.9544376284084245e-06,0.0004742015558983606,0.0,399.0,0.8508771929824561
0.00019139075862170855,0.0002843091323828616,1.9504484477889706e-06,0.0004749812724486583,0.0,400.0,0.85
